Item,Description,Quantity,Unit Cost (USD),Total Cost (USD),Notes
Acrylic Sheet,3mm clear acrylic sheet (laser engraved),1,8.90,8.90,Engraved text for nameplate
LED Strip,5V white LED strip (30–50cm),1,3.74,3.74,Edge lighting
Switch,Mini on/off toggle switch,1,3.30,3.30,Power control
USB Cable,USB-A to 5V power cable,1,2.63,2.63,Power source
Resistor,220Ω resistor,1,1.33,1.33,Required if using discrete LEDs
Wires,Hook-up wires (assorted),1,2.0,2.0,Internal connections
Base Enclosure,3D printed PLA base,1,6.50,6.50,LED housing and structure
Fasteners,Small screws / adhesive,1,1.5,1.5,Assembly hardware
Miscellaneous,Heat shrink / insulation tape,1,2.0,2.0,Electrical safety
